[{"model": "admin.logentry", "pk": 1, "fields": {"action_time": "2025-07-31T10:31:49.494Z", "user": 1, "content_type": 7, "object_id": "1", "object_repr": "Python Advance", "action_flag": 1, "change_message": "[{\"added\": {}}]"}}, {"model": "admin.logentry", "pk": 2, "fields": {"action_time": "2025-07-31T10:43:55.881Z", "user": 1, "content_type": 8, "object_id": "1", "object_repr": "admin - Administrator", "action_flag": 1, "change_message": "[{\"added\": {}}]"}}, {"model": "admin.logentry", "pk": 3, "fields": {"action_time": "2025-08-01T10:47:41.558Z", "user": 1, "content_type": 10, "object_id": "1", "object_repr": "Веб-фреймфорки Python", "action_flag": 1, "change_message": "[{\"added\": {}}]"}}, {"model": "admin.logentry", "pk": 4, "fields": {"action_time": "2025-08-01T10:48:35.534Z", "user": 1, "content_type": 10, "object_id": "2", "object_repr": "Навчання на канікулах", "action_flag": 1, "change_message": "[{\"added\": {}}]"}}, {"model": "admin.logentry", "pk": 5, "fields": {"action_time": "2025-08-01T10:49:18.988Z", "user": 1, "content_type": 11, "object_id": "1", "object_repr": "Веб-фреймфорки Python: FastAPI", "action_flag": 1, "change_message": "[{\"added\": {}}]"}}, {"model": "admin.logentry", "pk": 6, "fields": {"action_time": "2025-08-01T10:49:31.704Z", "user": 1, "content_type": 11, "object_id": "2", "object_repr": "Веб-фреймфорки Python: Django", "action_flag": 1, "change_message": "[{\"added\": {}}]"}}, {"model": "admin.logentry", "pk": 7, "fields": {"action_time": "2025-08-01T10:49:37.375Z", "user": 1, "content_type": 11, "object_id": "3", "object_repr": "Веб-фреймфорки Python: Flask", "action_flag": 1, "change_message": "[{\"added\": {}}]"}}, {"model": "admin.logentry", "pk": 8, "fields": {"action_time": "2025-08-01T10:50:02.534Z", "user": 1, "content_type": 11, "object_id": "4", "object_repr": "Навчання на канікулах: Бльше вільного часу - більше можливостей для саморозвитку", "action_flag": 1, "change_message": "[{\"added\": {}}]"}}, {"model": "admin.logentry", "pk": 9, "fields": {"action_time": "2025-08-01T10:50:18.111Z", "user": 1, "content_type": 11, "object_id": "5", "object_repr": "Навчання на канікулах: Різниці немає", "action_flag": 1, "change_message": "[{\"added\": {}}]"}}, {"model": "admin.logentry", "pk": 10, "fields": {"action_time": "2025-08-01T10:50:32.956Z", "user": 1, "content_type": 11, "object_id": "6", "object_repr": "Навчання на канікулах: Майже не займаюся навчанням", "action_flag": 1, "change_message": "[{\"added\": {}}]"}}, {"model": "admin.logentry", "pk": 11, "fields": {"action_time": "2025-08-01T11:09:18.226Z", "user": 1, "content_type": 10, "object_id": "3", "object_repr": "Тип темпераметру", "action_flag": 3, "change_message": ""}}, {"model": "admin.logentry", "pk": 12, "fields": {"action_time": "2025-08-05T10:24:55.790Z", "user": 1, "content_type": 14, "object_id": "3", "object_repr": "Тест", "action_flag": 3, "change_message": ""}}, {"model": "admin.logentry", "pk": 13, "fields": {"action_time": "2025-08-05T10:25:00.018Z", "user": 1, "content_type": 14, "object_id": "1", "object_repr": "Тестове голосування", "action_flag": 3, "change_message": ""}}, {"model": "admin.logentry", "pk": 14, "fields": {"action_time": "2025-08-05T10:25:49.970Z", "user": 1, "content_type": 14, "object_id": "2", "object_repr": "Вища освіта", "action_flag": 3, "change_message": ""}}, {"model": "admin.logentry", "pk": 15, "fields": {"action_time": "2025-08-05T10:26:22.126Z", "user": 1, "content_type": 14, "object_id": "4", "object_repr": "Наступний проект", "action_flag": 1, "change_message": "[{\"added\": {}}]"}}, {"model": "admin.logentry", "pk": 16, "fields": {"action_time": "2025-08-05T10:26:42.909Z", "user": 1, "content_type": 13, "object_id": "7", "object_repr": "Наступний проект: Інтернет-магазин", "action_flag": 1, "change_message": "[{\"added\": {}}]"}}, {"model": "admin.logentry", "pk": 17, "fields": {"action_time": "2025-08-05T10:27:07.953Z", "user": 1, "content_type": 13, "object_id": "8", "object_repr": "Наступний проект: Блог про подорожі Україною", "action_flag": 1, "change_message": "[{\"added\": {}}]"}}, {"model": "admin.logentry", "pk": 18, "fields": {"action_time": "2025-08-26T11:59:52.470Z", "user": 1, "content_type": 20, "object_id": "1", "object_repr": "Хакатон \"Web Developer\" (2025-08-30 12:00:00+03:00)", "action_flag": 1, "change_message": "[{\"added\": {}}]"}}, {"model": "admin.logentry", "pk": 19, "fields": {"action_time": "2025-08-26T12:03:10.171Z", "user": 1, "content_type": 20, "object_id": "2", "object_repr": "Гра \"Мафія\" (2025-09-05 18:00:00+03:00)", "action_flag": 1, "change_message": "[{\"added\": {}}]"}}, {"model": "admin.logentry", "pk": 20, "fields": {"action_time": "2025-08-26T13:21:14.084Z", "user": 1, "content_type": 21, "object_id": "1", "object_repr": "ТЗ \"Портал групи\"", "action_flag": 1, "change_message": "[{\"added\": {}}]"}}, {"model": "admin.logentry", "pk": 21, "fields": {"action_time": "2025-08-26T13:22:15.686Z", "user": 1, "content_type": 21, "object_id": "2", "object_repr": "UML-діаграма", "action_flag": 1, "change_message": "[{\"added\": {}}]"}}, {"model": "admin.logentry", "pk": 22, "fields": {"action_time": "2025-08-26T13:24:02.718Z", "user": 1, "content_type": 21, "object_id": "3", "object_repr": "FastAPI, Flask or Django - Which Should You Use?", "action_flag": 1, "change_message": "[{\"added\": {}}]"}}, {"model": "auth.permission", "pk": 1, "fields": {"name": "Can add log entry", "content_type": 1, "codename": "add_logentry"}}, {"model": "auth.permission", "pk": 2, "fields": {"name": "Can change log entry", "content_type": 1, "codename": "change_logentry"}}, {"model": "auth.permission", "pk": 3, "fields": {"name": "Can delete log entry", "content_type": 1, "codename": "delete_logentry"}}, {"model": "auth.permission", "pk": 4, "fields": {"name": "Can view log entry", "content_type": 1, "codename": "view_logentry"}}, {"model": "auth.permission", "pk": 5, "fields": {"name": "Can add permission", "content_type": 2, "codename": "add_permission"}}, {"model": "auth.permission", "pk": 6, "fields": {"name": "Can change permission", "content_type": 2, "codename": "change_permission"}}, {"model": "auth.permission", "pk": 7, "fields": {"name": "Can delete permission", "content_type": 2, "codename": "delete_permission"}}, {"model": "auth.permission", "pk": 8, "fields": {"name": "Can view permission", "content_type": 2, "codename": "view_permission"}}, {"model": "auth.permission", "pk": 9, "fields": {"name": "Can add group", "content_type": 3, "codename": "add_group"}}, {"model": "auth.permission", "pk": 10, "fields": {"name": "Can change group", "content_type": 3, "codename": "change_group"}}, {"model": "auth.permission", "pk": 11, "fields": {"name": "Can delete group", "content_type": 3, "codename": "delete_group"}}, {"model": "auth.permission", "pk": 12, "fields": {"name": "Can view group", "content_type": 3, "codename": "view_group"}}, {"model": "auth.permission", "pk": 13, "fields": {"name": "Can add user", "content_type": 4, "codename": "add_user"}}, {"model": "auth.permission", "pk": 14, "fields": {"name": "Can change user", "content_type": 4, "codename": "change_user"}}, {"model": "auth.permission", "pk": 15, "fields": {"name": "Can delete user", "content_type": 4, "codename": "delete_user"}}, {"model": "auth.permission", "pk": 16, "fields": {"name": "Can view user", "content_type": 4, "codename": "view_user"}}, {"model": "auth.permission", "pk": 17, "fields": {"name": "Can add content type", "content_type": 5, "codename": "add_contenttype"}}, {"model": "auth.permission", "pk": 18, "fields": {"name": "Can change content type", "content_type": 5, "codename": "change_contenttype"}}, {"model": "auth.permission", "pk": 19, "fields": {"name": "Can delete content type", "content_type": 5, "codename": "delete_contenttype"}}, {"model": "auth.permission", "pk": 20, "fields": {"name": "Can view content type", "content_type": 5, "codename": "view_contenttype"}}, {"model": "auth.permission", "pk": 21, "fields": {"name": "Can add session", "content_type": 6, "codename": "add_session"}}, {"model": "auth.permission", "pk": 22, "fields": {"name": "Can change session", "content_type": 6, "codename": "change_session"}}, {"model": "auth.permission", "pk": 23, "fields": {"name": "Can delete session", "content_type": 6, "codename": "delete_session"}}, {"model": "auth.permission", "pk": 24, "fields": {"name": "Can view session", "content_type": 6, "codename": "view_session"}}, {"model": "auth.permission", "pk": 25, "fields": {"name": "Can add Group Profile", "content_type": 7, "codename": "add_groupprofile"}}, {"model": "auth.permission", "pk": 26, "fields": {"name": "Can change Group Profile", "content_type": 7, "codename": "change_groupprofile"}}, {"model": "auth.permission", "pk": 27, "fields": {"name": "Can delete Group Profile", "content_type": 7, "codename": "delete_groupprofile"}}, {"model": "auth.permission", "pk": 28, "fields": {"name": "Can view Group Profile", "content_type": 7, "codename": "view_groupprofile"}}, {"model": "auth.permission", "pk": 29, "fields": {"name": "Can add User Profile", "content_type": 8, "codename": "add_userprofile"}}, {"model": "auth.permission", "pk": 30, "fields": {"name": "Can change User Profile", "content_type": 8, "codename": "change_userprofile"}}, {"model": "auth.permission", "pk": 31, "fields": {"name": "Can delete User Profile", "content_type": 8, "codename": "delete_userprofile"}}, {"model": "auth.permission", "pk": 32, "fields": {"name": "Can view User Profile", "content_type": 8, "codename": "view_userprofile"}}, {"model": "auth.permission", "pk": 33, "fields": {"name": "Can add Poll Vote", "content_type": 9, "codename": "add_pollvote"}}, {"model": "auth.permission", "pk": 34, "fields": {"name": "Can change Poll Vote", "content_type": 9, "codename": "change_pollvote"}}, {"model": "auth.permission", "pk": 35, "fields": {"name": "Can delete Poll Vote", "content_type": 9, "codename": "delete_pollvote"}}, {"model": "auth.permission", "pk": 36, "fields": {"name": "Can view Poll Vote", "content_type": 9, "codename": "view_pollvote"}}, {"model": "auth.permission", "pk": 37, "fields": {"name": "Can add Poll", "content_type": 10, "codename": "add_poll"}}, {"model": "auth.permission", "pk": 38, "fields": {"name": "Can change Poll", "content_type": 10, "codename": "change_poll"}}, {"model": "auth.permission", "pk": 39, "fields": {"name": "Can delete Poll", "content_type": 10, "codename": "delete_poll"}}, {"model": "auth.permission", "pk": 40, "fields": {"name": "Can view Poll", "content_type": 10, "codename": "view_poll"}}, {"model": "auth.permission", "pk": 41, "fields": {"name": "Can add Poll Option", "content_type": 11, "codename": "add_polloption"}}, {"model": "auth.permission", "pk": 42, "fields": {"name": "Can change Poll Option", "content_type": 11, "codename": "change_polloption"}}, {"model": "auth.permission", "pk": 43, "fields": {"name": "Can delete Poll Option", "content_type": 11, "codename": "delete_polloption"}}, {"model": "auth.permission", "pk": 44, "fields": {"name": "Can view Poll Option", "content_type": 11, "codename": "view_polloption"}}, {"model": "auth.permission", "pk": 45, "fields": {"name": "Can add User Vote", "content_type": 12, "codename": "add_uservote"}}, {"model": "auth.permission", "pk": 46, "fields": {"name": "Can change User Vote", "content_type": 12, "codename": "change_uservote"}}, {"model": "auth.permission", "pk": 47, "fields": {"name": "Can delete User Vote", "content_type": 12, "codename": "delete_uservote"}}, {"model": "auth.permission", "pk": 48, "fields": {"name": "Can view User Vote", "content_type": 12, "codename": "view_uservote"}}, {"model": "auth.permission", "pk": 49, "fields": {"name": "Can add Vote Option", "content_type": 13, "codename": "add_voteoption"}}, {"model": "auth.permission", "pk": 50, "fields": {"name": "Can change Vote Option", "content_type": 13, "codename": "change_voteoption"}}, {"model": "auth.permission", "pk": 51, "fields": {"name": "Can delete Vote Option", "content_type": 13, "codename": "delete_voteoption"}}, {"model": "auth.permission", "pk": 52, "fields": {"name": "Can view Vote Option", "content_type": 13, "codename": "view_voteoption"}}, {"model": "auth.permission", "pk": 53, "fields": {"name": "Can add Vote", "content_type": 14, "codename": "add_vote"}}, {"model": "auth.permission", "pk": 54, "fields": {"name": "Can change Vote", "content_type": 14, "codename": "change_vote"}}, {"model": "auth.permission", "pk": 55, "fields": {"name": "Can delete Vote", "content_type": 14, "codename": "delete_vote"}}, {"model": "auth.permission", "pk": 56, "fields": {"name": "Can view Vote", "content_type": 14, "codename": "view_vote"}}, {"model": "auth.permission", "pk": 57, "fields": {"name": "Can add Forum Thread", "content_type": 15, "codename": "add_forumthread"}}, {"model": "auth.permission", "pk": 58, "fields": {"name": "Can change Forum Thread", "content_type": 15, "codename": "change_forumthread"}}, {"model": "auth.permission", "pk": 59, "fields": {"name": "Can delete Forum Thread", "content_type": 15, "codename": "delete_forumthread"}}, {"model": "auth.permission", "pk": 60, "fields": {"name": "Can view Forum Thread", "content_type": 15, "codename": "view_forumthread"}}, {"model": "auth.permission", "pk": 61, "fields": {"name": "Can add Forum Post", "content_type": 16, "codename": "add_forumpost"}}, {"model": "auth.permission", "pk": 62, "fields": {"name": "Can change Forum Post", "content_type": 16, "codename": "change_forumpost"}}, {"model": "auth.permission", "pk": 63, "fields": {"name": "Can delete Forum Post", "content_type": 16, "codename": "delete_forumpost"}}, {"model": "auth.permission", "pk": 64, "fields": {"name": "Can view Forum Post", "content_type": 16, "codename": "view_forumpost"}}, {"model": "auth.permission", "pk": 65, "fields": {"name": "Can add Page", "content_type": 17, "codename": "add_page"}}, {"model": "auth.permission", "pk": 66, "fields": {"name": "Can change Page", "content_type": 17, "codename": "change_page"}}, {"model": "auth.permission", "pk": 67, "fields": {"name": "Can delete Page", "content_type": 17, "codename": "delete_page"}}, {"model": "auth.permission", "pk": 68, "fields": {"name": "Can view Page", "content_type": 17, "codename": "view_page"}}, {"model": "auth.permission", "pk": 69, "fields": {"name": "Can add Topic", "content_type": 18, "codename": "add_topic"}}, {"model": "auth.permission", "pk": 70, "fields": {"name": "Can change Topic", "content_type": 18, "codename": "change_topic"}}, {"model": "auth.permission", "pk": 71, "fields": {"name": "Can delete Topic", "content_type": 18, "codename": "delete_topic"}}, {"model": "auth.permission", "pk": 72, "fields": {"name": "Can view Topic", "content_type": 18, "codename": "view_topic"}}, {"model": "auth.permission", "pk": 73, "fields": {"name": "Can add Post", "content_type": 19, "codename": "add_post"}}, {"model": "auth.permission", "pk": 74, "fields": {"name": "Can change Post", "content_type": 19, "codename": "change_post"}}, {"model": "auth.permission", "pk": 75, "fields": {"name": "Can delete Post", "content_type": 19, "codename": "delete_post"}}, {"model": "auth.permission", "pk": 76, "fields": {"name": "Can view Post", "content_type": 19, "codename": "view_post"}}, {"model": "auth.permission", "pk": 77, "fields": {"name": "Can add event", "content_type": 20, "codename": "add_event"}}, {"model": "auth.permission", "pk": 78, "fields": {"name": "Can change event", "content_type": 20, "codename": "change_event"}}, {"model": "auth.permission", "pk": 79, "fields": {"name": "Can delete event", "content_type": 20, "codename": "delete_event"}}, {"model": "auth.permission", "pk": 80, "fields": {"name": "Can view event", "content_type": 20, "codename": "view_event"}}, {"model": "auth.permission", "pk": 81, "fields": {"name": "Can add material", "content_type": 21, "codename": "add_material"}}, {"model": "auth.permission", "pk": 82, "fields": {"name": "Can change material", "content_type": 21, "codename": "change_material"}}, {"model": "auth.permission", "pk": 83, "fields": {"name": "Can delete material", "content_type": 21, "codename": "delete_material"}}, {"model": "auth.permission", "pk": 84, "fields": {"name": "Can view material", "content_type": 21, "codename": "view_material"}}, {"model": "auth.permission", "pk": 85, "fields": {"name": "Can add Проєкт портфоліо", "content_type": 22, "codename": "add_portfolioitem"}}, {"model": "auth.permission", "pk": 86, "fields": {"name": "Can change Проєкт портфоліо", "content_type": 22, "codename": "change_portfolioitem"}}, {"model": "auth.permission", "pk": 87, "fields": {"name": "Can delete Проєкт портфоліо", "content_type": 22, "codename": "delete_portfolioitem"}}, {"model": "auth.permission", "pk": 88, "fields": {"name": "Can view Проєкт портфоліо", "content_type": 22, "codename": "view_portfolioitem"}}, {"model": "auth.user", "pk": 1, "fields": {"password": "pbkdf2_sha256$1000000$fIVgvAwHVMNxJsdjStGT9i$TEo+VTAPQBBm7beOlyI2ARLgHIRZLwEu1+UMmomsD/4=", "last_login": "2025-08-27T11:34:24.747Z", "is_superuser": true, "username": "admin", "first_name": "", "last_name": "", "email": "", "is_staff": true, "is_active": true, "date_joined": "2025-07-29T10:43:26.079Z", "groups": [], "user_permissions": []}}, {"model": "auth.user", "pk": 2, "fields": {"password": "pbkdf2_sha256$1000000$oCswx9gVC0WdCTuTVLG8ic$Fq6VadhFEqiCEE9Tgqrjl1br28HrsVlS+hwcxCZnn6M=", "last_login": "2025-07-31T11:23:13.236Z", "is_superuser": false, "username": "Володимир", "first_name": "", "last_name": "", "email": "vova@gmail.com", "is_staff": false, "is_active": true, "date_joined": "2025-07-31T11:16:37.446Z", "groups": [], "user_permissions": []}}, {"model": "auth.user", "pk": 3, "fields": {"password": "pbkdf2_sha256$1000000$FNLeWyaoFeHpEzKzTbuvr7$xKGzLkezoK8i0+Lp0xxQor6xN95RkGqoJuRtRi5SOSI=", "last_login": "2025-07-31T11:28:58.379Z", "is_superuser": false, "username": "Олег", "first_name": "", "last_name": "", "email": "oleg@gmail.com", "is_staff": false, "is_active": true, "date_joined": "2025-07-31T11:25:08.558Z", "groups": [], "user_permissions": []}}, {"model": "auth.user", "pk": 4, "fields": {"password": "pbkdf2_sha256$1000000$m3dGBqbW8Ls0QKI79rWP4m$5zIA4/ZUOHAy30Ec46GIezVOED0epK58P4o7momih2s=", "last_login": "2025-08-01T10:55:41.657Z", "is_superuser": false, "username": "Степан", "first_name": "", "last_name": "", "email": "stepan03@gmail.com", "is_staff": false, "is_active": true, "date_joined": "2025-07-31T11:39:52.736Z", "groups": [], "user_permissions": []}}, {"model": "contenttypes.contenttype", "pk": 1, "fields": {"app_label": "admin", "model": "logentry"}}, {"model": "contenttypes.contenttype", "pk": 2, "fields": {"app_label": "auth", "model": "permission"}}, {"model": "contenttypes.contenttype", "pk": 3, "fields": {"app_label": "auth", "model": "group"}}, {"model": "contenttypes.contenttype", "pk": 4, "fields": {"app_label": "auth", "model": "user"}}, {"model": "contenttypes.contenttype", "pk": 5, "fields": {"app_label": "contenttypes", "model": "contenttype"}}, {"model": "contenttypes.contenttype", "pk": 6, "fields": {"app_label": "sessions", "model": "session"}}, {"model": "contenttypes.contenttype", "pk": 7, "fields": {"app_label": "core", "model": "groupprofile"}}, {"model": "contenttypes.contenttype", "pk": 8, "fields": {"app_label": "core", "model": "userprofile"}}, {"model": "contenttypes.contenttype", "pk": 9, "fields": {"app_label": "polls", "model": "pollvote"}}, {"model": "contenttypes.contenttype", "pk": 10, "fields": {"app_label": "polls", "model": "poll"}}, {"model": "contenttypes.contenttype", "pk": 11, "fields": {"app_label": "polls", "model": "polloption"}}, {"model": "contenttypes.contenttype", "pk": 12, "fields": {"app_label": "voting", "model": "uservote"}}, {"model": "contenttypes.contenttype", "pk": 13, "fields": {"app_label": "voting", "model": "voteoption"}}, {"model": "contenttypes.contenttype", "pk": 14, "fields": {"app_label": "voting", "model": "vote"}}, {"model": "contenttypes.contenttype", "pk": 15, "fields": {"app_label": "forum", "model": "forumthread"}}, {"model": "contenttypes.contenttype", "pk": 16, "fields": {"app_label": "forum", "model": "forumpost"}}, {"model": "contenttypes.contenttype", "pk": 17, "fields": {"app_label": "pages", "model": "page"}}, {"model": "contenttypes.contenttype", "pk": 18, "fields": {"app_label": "forum", "model": "topic"}}, {"model": "contenttypes.contenttype", "pk": 19, "fields": {"app_label": "forum", "model": "post"}}, {"model": "contenttypes.contenttype", "pk": 20, "fields": {"app_label": "events", "model": "event"}}, {"model": "contenttypes.contenttype", "pk": 21, "fields": {"app_label": "materials", "model": "material"}}, {"model": "contenttypes.contenttype", "pk": 22, "fields": {"app_label": "portfolio", "model": "portfolioitem"}}, {"model": "sessions.session", "pk": "6vl8rsrhiptf31voaba45iivkksrcmn0", "fields": {"session_data": "e30:1uhRPJ:oGXl9R2LSH5r0W53n0ftxFb1RBkDavLHBQKyn-Y6BHk", "expire_date": "2025-08-14T11:25:09.501Z"}}, {"model": "sessions.session", "pk": "b3010vew85hxn9z13winvajl8xcp7shn", "fields": {"session_data": ".eJxVjMsOwiAUBf-FtSFA7QVcuu83kPsAqZo2Ke3K-O_apAvdnpk5L5VwW2vaWl7SKOqirDr9boT8yNMO5I7TbdY8T-sykt4VfdCmh1ny83q4fwcVW_3WJjBTHzl26EtvYgwkfZR8NoVdyIxBHGQii4A-EgBwQQJBV5ztPKj3BwQbONA:1uqtfd:fX3-D4huQafkCqJg2w27QeWe54A5hM7nxn0EztJoDFU", "expire_date": "2025-09-09T13:25:05.678Z"}}, {"model": "sessions.session", "pk": "i1woonplu825r67bzupcmb1d83dg5sjb", "fields": {"session_data": ".eJxVjMsOwiAUBf-FtSFA7QVcuu83kPsAqZo2Ke3K-O_apAvdnpk5L5VwW2vaWl7SKOqirDr9boT8yNMO5I7TbdY8T-sykt4VfdCmh1ny83q4fwcVW_3WJjBTHzl26EtvYgwkfZR8NoVdyIxBHGQii4A-EgBwQQJBV5ztPKj3BwQbONA:1ujESO:wj5_VI4RPjXLGs2fNms5jqWqjeHV8m5X3JoUETNj-6o", "expire_date": "2025-08-19T09:59:44.426Z"}}, {"model": "sessions.session", "pk": "lnozi6q8fzq06ovju6ppetexwmv8n7lv", "fields": {"session_data": ".eJxVjMsOwiAUBf-FtSFA7QVcuu83kPsAqZo2Ke3K-O_apAvdnpk5L5VwW2vaWl7SKOqirDr9boT8yNMO5I7TbdY8T-sykt4VfdCmh1ny83q4fwcVW_3WJjBTHzl26EtvYgwkfZR8NoVdyIxBHGQii4A-EgBwQQJBV5ztPKj3BwQbONA:1unIyO:kRAXIdvb4tVxYJrTwZh6zAJT6kCb4KXPgZMLvSr_RLQ", "expire_date": "2025-08-30T15:37:36.082Z"}}, {"model": "sessions.session", "pk": "lw4tduho3zfkuq1fvijn85poxyoh77g1", "fields": {"session_data": ".eJxVjMsOwiAUBf-FtSFA7QVcuu83kPsAqZo2Ke3K-O_apAvdnpk5L5VwW2vaWl7SKOqirDr9boT8yNMO5I7TbdY8T-sykt4VfdCmh1ny83q4fwcVW_3WJjBTHzl26EtvYgwkfZR8NoVdyIxBHGQii4A-EgBwQQJBV5ztPKj3BwQbONA:1uhnRM:lOR2l6_ZE7rhxst3XB5lmdqaQk_D3YKfr83e90MULSc", "expire_date": "2025-08-15T10:56:44.768Z"}}, {"model": "sessions.session", "pk": "m2us9puaqkbj2iz9tbwz9zpgjpbse84a", "fields": {"session_data": ".eJxVjMsOwiAUBf-FtSFA7QVcuu83kPsAqZo2Ke3K-O_apAvdnpk5L5VwW2vaWl7SKOqirDr9boT8yNMO5I7TbdY8T-sykt4VfdCmh1ny83q4fwcVW_3WJjBTHzl26EtvYgwkfZR8NoVdyIxBHGQii4A-EgBwQQJBV5ztPKj3BwQbONA:1urEQ4:j0EQdwmpHOzvxbqecOnI5F_J7fMMw5lxkRZeOVFtZkE", "expire_date": "2025-09-10T11:34:24.755Z"}}, {"model": "sessions.session", "pk": "u6elc8cffzqt0oyuu41xv2e6l1dycwye", "fields": {"session_data": ".eJxVjMsOwiAUBf-FtSFA7QVcuu83kPsAqZo2Ke3K-O_apAvdnpk5L5VwW2vaWl7SKOqirDr9boT8yNMO5I7TbdY8T-sykt4VfdCmh1ny83q4fwcVW_3WJjBTHzl26EtvYgwkfZR8NoVdyIxBHGQii4A-EgBwQQJBV5ztPKj3BwQbONA:1ullSg:jvDCcshpBSGxZhUOGys5rjN1S7unpT_7b1HPHvdi_cY", "expire_date": "2025-08-26T09:38:30.794Z"}}, {"model": "core.groupprofile", "pk": 1, "fields": {"name": "Python Advance", "description": "Навчання 2 рази на тиждень. Вивчення таких технологій веб-розробки як FastAPI та Django.", "logo": "group_logos/group_profile_logo.jpg", "created_at": "2025-07-31T10:31:49.492Z", "updated_at": "2025-07-31T10:31:49.492Z"}}, {"model": "core.userprofile", "pk": 1, "fields": {"user": 1, "bio": "Адміністратор групи.", "avatar": "avatars/admin_avatar.png", "role": "admin"}}, {"model": "core.userprofile", "pk": 2, "fields": {"user": 2, "bio": "Керівник проекту", "avatar": "avatars/frog_avatar.png", "role": "member"}}, {"model": "core.userprofile", "pk": 3, "fields": {"user": 3, "bio": "Front-end розробник", "avatar": "avatars/cat_avatar.png", "role": "member"}}, {"model": "core.userprofile", "pk": 4, "fields": {"user": 4, "bio": "Учасник групи", "avatar": "avatars/dog_avatar_lqgHxTa.jfif", "role": "member"}}, {"model": "forum.topic", "pk": 1, "fields": {"title": "Тестова тема", "description": "Опис до тестової теми", "created_by": 1, "created_at": "2025-08-12T09:39:01.501Z", "is_active": true}}, {"model": "forum.topic", "pk": 2, "fields": {"title": "Тестова тема 2", "description": "Опис Тестової теми 2", "created_by": 1, "created_at": "2025-08-12T09:48:02.482Z", "is_active": true}}, {"model": "forum.topic", "pk": 3, "fields": {"title": "Використання ШІ у навчанні", "description": "Як ви ставитеся до використання ШІ у навчанні?", "created_by": 1, "created_at": "2025-08-16T15:40:18.493Z", "is_active": true}}, {"model": "forum.post", "pk": 1, "fields": {"topic": 2, "content": "Повідомлення 1.1", "created_by": 1, "created_at": "2025-08-12T09:48:14.984Z"}}, {"model": "pages.page", "pk": 1, "fields": {"title": "Про нас", "slug": "about-us", "content": "# Про нас\r\nЦе сторінка про нашу групу.\r\n\r\n* Пункт 1\r\n* Пункт 2\r\n\r\n[Посилання](https://example.com)", "created_by": 1, "created_at": "2025-08-12T10:51:24.394Z", "is_active": true}}, {"model": "polls.poll", "pk": 1, "fields": {"title": "Веб-фреймфорки Python", "description": "Який фреймворк вам подобається більше?", "created_by": 1, "created_at": "2025-08-01T10:47:41.555Z", "is_active": true}}, {"model": "polls.poll", "pk": 2, "fields": {"title": "Навчання на канікулах", "description": "Як змінюється ваш піхід до навчання під час канікул?", "created_by": 2, "created_at": "2025-08-01T10:48:35.531Z", "is_active": true}}, {"model": "polls.poll", "pk": 4, "fields": {"title": "Тип темпераметру", "description": "Який на вашу думку у вас темпарамент?", "created_by": 1, "created_at": "2025-08-01T11:08:14.031Z", "is_active": true}}, {"model": "polls.polloption", "pk": 1, "fields": {"poll": 1, "text": "FastAPI", "vote_count": 1}}, {"model": "polls.polloption", "pk": 2, "fields": {"poll": 1, "text": "Django", "vote_count": 1}}, {"model": "polls.polloption", "pk": 3, "fields": {"poll": 1, "text": "Flask", "vote_count": 0}}, {"model": "polls.polloption", "pk": 4, "fields": {"poll": 2, "text": "Бльше вільного часу - більше можливостей для саморозвитку", "vote_count": 1}}, {"model": "polls.polloption", "pk": 5, "fields": {"poll": 2, "text": "Різниці немає", "vote_count": 0}}, {"model": "polls.polloption", "pk": 6, "fields": {"poll": 2, "text": "Майже не займаюся навчанням", "vote_count": 0}}, {"model": "polls.polloption", "pk": 7, "fields": {"poll": 4, "text": "Інтроверт", "vote_count": 0}}, {"model": "polls.polloption", "pk": 8, "fields": {"poll": 4, "text": "Екстраверт", "vote_count": 0}}, {"model": "polls.polloption", "pk": 9, "fields": {"poll": 4, "text": "Не знаю", "vote_count": 0}}, {"model": "polls.pollvote", "pk": 1, "fields": {"poll": 1, "option": 2, "user": 1, "voted_at": "2025-08-01T10:50:54.706Z"}}, {"model": "polls.pollvote", "pk": 2, "fields": {"poll": 1, "option": 1, "user": 4, "voted_at": "2025-08-01T10:55:52.878Z"}}, {"model": "polls.pollvote", "pk": 3, "fields": {"poll": 2, "option": 4, "user": 1, "voted_at": "2025-08-16T15:38:19.184Z"}}, {"model": "voting.vote", "pk": 4, "fields": {"title": "Наступний проект", "description": "Який проект ви б хотіли реалізувати?", "created_by": 1, "created_at": "2025-08-05T10:26:22.123Z", "is_active": true}}, {"model": "voting.voteoption", "pk": 7, "fields": {"vote": 4, "text": "Інтернет-магазин", "vote_count": 0}}, {"model": "voting.voteoption", "pk": 8, "fields": {"vote": 4, "text": "Блог про подорожі Україною", "vote_count": 1}}, {"model": "voting.uservote", "pk": 5, "fields": {"vote": 4, "option": 8, "user": 1, "voted_at": "2025-08-16T15:39:04.175Z"}}, {"model": "events.event", "pk": 1, "fields": {"title": "Хакатон \"Web Developer\"", "description": "Незабаром відбудеться щорічне змагання для юних програмістів з веб-розробки, на якому буде чудова можливість прокачати свої скіли, отримати новий та цікавий досвід, а також отримати призи.", "start_date": "2025-08-30T09:00:00Z", "end_date": "2025-08-31T15:00:00Z", "location": "Online", "creator": 1, "created_at": "2025-08-26T11:59:52.468Z"}}, {"model": "events.event", "pk": 2, "fields": {"title": "Гра \"Мафія\"", "description": "Хочеш перевірити свою інтуїцію, хитрість і вміння переконувати? Тоді приєднуйся до нашої гри в Мафію!\r\nБудь-хто може зіграти — потрібна лише гарна компанія та бажання повеселитися!\r\nНе забудь підготувати свій найкращий “покерфейс”", "start_date": "2025-09-05T15:00:00Z", "end_date": "2025-09-05T16:00:00Z", "location": "Discord", "creator": 1, "created_at": "2025-08-26T12:03:10.170Z"}}, {"model": "materials.material", "pk": 1, "fields": {"title": "ТЗ \"Портал групи\"", "description": "Детальне технічне завдання веб-додатку \"Портал групи\"", "content_type": "file", "file": "materials/files/GroupPortal.pdf", "image": "", "youtube_url": null, "creator": 1, "created_at": "2025-08-26T13:21:14.083Z"}}, {"model": "materials.material", "pk": 2, "fields": {"title": "UML-діаграма", "description": "Приклад вигляду UML-діаграми проекту \"Battle City. Remake\"", "content_type": "image", "file": "", "image": "materials/images/UML_Diagram.png", "youtube_url": null, "creator": 1, "created_at": "2025-08-26T13:22:15.683Z"}}, {"model": "materials.material", "pk": 3, "fields": {"title": "FastAPI, Flask or Django - Which Should You Use?", "description": "Порівняння використання FastAPI, Flask та Django", "content_type": "youtube", "file": "", "image": "", "youtube_url": "https://www.youtube.com/watch?v=cNlJCQHSmbE&ab_channel=TechWithTim", "creator": 1, "created_at": "2025-08-26T13:24:02.715Z"}}, {"model": "portfolio.portfolioitem", "pk": 1, "fields": {"user": 1, "title": "Тест", "description": "Тестовий проект", "screenshot": "", "link": null, "file": "portfolio_files/final.py", "created_at": "2025-08-27T11:25:49.546Z", "updated_at": "2025-08-27T11:30:48.374Z", "is_public": true}}, {"model": "portfolio.portfolioitem", "pk": 2, "fields": {"user": 1, "title": "Booking_System", "description": "Веб-сайт для пронювання кімнат у готелі.", "screenshot": "portfolio_screenshots/booking_screen.png", "link": "https://github.com/avierkin03/Booking_System", "file": "", "created_at": "2025-08-27T11:35:04.612Z", "updated_at": "2025-08-27T11:35:26.951Z", "is_public": true}}]